modelo,prediccion,r2,mae_GWh,rmse_GWh
GRUmodel7,1-step,0.5572598326273164,18.277389737052577,22.574227449752048
GRUmodel7,multi-step,-0.9903049019665693,38.98490956108914,47.862815308475504
