modelo,prediccion,r2,mae_GWh,rmse_GWh
GRUmodel,Predicciones inmediatas,0.7840215534767607,12.888053016075057,15.76680297434381
GRUmodel,Predicciones paso a paso,0.3050686853222888,22.298447988075868,28.2819516267421
