modelo,prediccion,r2,mae_GWh,rmse_GWh
GRUmodel7,1-step,-0.3729537954044968,28.41918472099303,39.752678382001264
GRUmodel7,multi-step,-0.3729537954044968,28.41918472099303,39.752678382001264
