Métrica,Valor
MAE,0.06974005032606832
RMSE,0.08529607032741533
R²,0.7031282231614119
