,r2,mae_GWh,rmse_GWh
con,0.8294015818486442,0.051216751399326084,0.06822003474076518
sin,0.7727068795636511,0.05671710958070243,0.07874401988377457
